event_id,iris_ground_truth
e33bd9b5-97ed-4045-96d4-28189143776c,virginica
d09d927d-291b-46c9-bf6d-fd7c7086d083,versicolor
e32212f5-f8bf-4d99-87c8-982ac9e9efe7,setosa
db13078a-a62c-4c0f-a7df-b5a73532327d,setosa
261070f6-ba26-4354-8359-3c8e2f7dc00a,setosa
18c7eead-d44e-40d0-a54c-45a5ab758513,versicolor
9e24f27b-f98f-46e0-9d81-899bd1ea31f8,setosa
ad9016fa-e2cb-47b2-9917-63ae08ac21f2,setosa
0fbf38c2-78c9-42f1-a034-0390572ec711,setosa
5700c0dc-8647-43cc-a1d1-ac9ed8117847,setosa
1a838b55-7b45-4533-8ad8-f91d740f11b0,setosa
ded6a314-5d69-4d8b-b1f8-d65c3cd86d7c,setosa
5c768807-ef52-4088-89cb-8873127df511,setosa
6f950ab0-6d6d-46aa-9831-ee1089da5709,setosa
6e03ab8d-f2da-47a7-8007-dce704c8f00c,setosa
5076690d-5e17-40ce-a84f-63509cee474a,setosa
d004c7ff-de6c-4266-a28b-8c696531b3e8,setosa
c8945cda-5b9d-40bc-8dd9-96f76c4510ed,setosa
18094bd2-2b20-40eb-a7de-a404a803d716,versicolor
a6d630e6-2a45-4122-b2f1-7dd42e64be77,setosa
d0a5898c-cd95-4a9a-b9f3-1d65427cbe6b,versicolor
b1d79869-8871-4fb0-9edd-5bdefaefb4b6,setosa
6ba445f9-2646-4dfd-8a1d-393eb77e2735,setosa
c9d06223-5c7e-45ac-8d20-71de4fa9a2cb,versicolor
f50e1662-dfec-4de4-b56e-64533449b25b,versicolor
c20fe6b4-b9dc-45c8-908b-0f26d2f1db6b,setosa
4d0314a4-c14d-4104-916e-8ee5dc2dced2,setosa
b454ce8f-53b3-4997-ac1a-7eaa5e577f01,setosa
5488c0e3-1058-407b-92da-f5108547aa95,setosa
8bf8b377-cad7-4010-9c1d-eec8a9f7576d,setosa
dcd865d5-5512-4271-8ddc-facb232e8010,setosa
de182026-0177-46e5-a28d-27c75cd0c656,setosa
5776f667-b4d7-4456-9868-cb12088e7b16,setosa
3bdabb3d-d808-44ec-b6c1-08d8427f4804,setosa
a014d729-5eb0-47ba-9f92-c8453350f7b2,setosa
fee08c22-4185-4e89-8a2f-c2adef39f9d5,setosa
895f0896-cdef-4cff-9e10-2ed2c8b17972,setosa
4a01b40d-08c9-4d2d-b94c-a73f558a9c85,setosa
75f75c47-087d-40cb-9647-14c1b650528b,setosa
4674283a-c48c-4178-bf7b-678d89454785,setosa
9e2e5078-11bd-477c-838c-7dce5a609ab9,setosa
1c2cb573-d548-4ffb-b2f7-092a348b1629,setosa
9263db02-3240-4d99-b094-15a85c2bf129,setosa
8f46598f-dd44-4e09-8902-5e43d312e72b,setosa
e7e52ff2-10f3-4ca5-b090-b62c6deee890,versicolor
ac3437d5-2c42-47d1-8a0b-89db83f99146,setosa
70fa713f-9cfa-4745-a92c-ba70131270d8,setosa
5796142f-7ed8-41b9-8583-689d2cd5c77b,setosa
d91cd6e4-64c2-4d83-9990-d266bbaaf390,setosa
8c3a8c1c-6825-49fc-ab40-5822693b6311,setosa
0ada8e66-c26b-4ea6-b327-dea6f8fc0743,virginica
69f57e67-654b-4024-ab50-a1ebffd52bdd,virginica
ee4e207c-55bd-4bdc-8a49-c28bc4bba98a,virginica
50917592-c14a-4ef8-91c9-80f377b5e3bf,versicolor
4060e185-c188-41a7-a58f-a19b1f821cb4,virginica
90a5d97c-38e9-4bd3-ad18-eb2cb1d2a449,virginica
c972734b-b7c7-49b3-bc03-8aac5afe67e8,virginica
1a29507d-22c5-4b70-8e44-c7d55e809bdb,versicolor
40599cb2-a73b-4543-a484-83502a4253df,virginica
30c6062b-09ee-44e7-b29c-4b226f9d8161,versicolor
47029e79-0486-4cfe-9650-720f8bed994a,versicolor
cce7d712-ba20-4b8c-a5ef-ce4bb41b06bd,virginica
21b673af-6219-4d9e-852a-313d1751723e,versicolor
403958e0-14f0-48a6-85eb-94d0d968743c,virginica
4f1ea4c3-a1a6-48eb-b8e9-f62084ccfac4,versicolor
ff44197a-2546-4896-a422-56fcdb7520a9,virginica
31c62f99-afcb-4265-9577-375126be25b3,virginica
67e200c5-9807-4a9f-8413-85246b102e66,versicolor
1f2e52c7-a493-415d-bb51-2e4f4c93ba97,virginica
a1de891f-7477-4b44-bbf4-474f8242a31f,versicolor
94fee101-8645-4617-9c6d-fa341385d9ac,virginica
a728c4ca-d02d-40c0-8497-a9f6b4a65bb8,versicolor
93e35849-5dbf-4c12-95c7-3295ec383750,virginica
48a51bfb-42b6-4dd3-9257-bfda0f624322,virginica
61c7e1f7-6907-4414-98c9-b81112ae9609,versicolor
07ab70c7-3198-484d-b689-26bcd9c2fca8,virginica
85dbb619-0432-434e-be7d-72e872ab4c9e,virginica
ac6f4934-1a5d-4ab3-acb3-a6fb201ad264,virginica
9c27f970-74a0-4903-b93f-57a786f752e6,virginica
8988d03f-5c0f-409a-9095-b1bc752bbbae,versicolor
a262ebff-9612-4565-a9ba-7e4a34c2ded0,versicolor
1a114d7c-70d7-4089-8a97-a7fc36e9182a,versicolor
d8647166-0f15-464f-89c1-0ded4f47de64,versicolor
6d85ace5-95e6-4c9b-9624-171c3d56d162,virginica
f36bd2fd-ff30-4325-a652-7fc0997a0122,virginica
6c1e3c41-38d2-4750-a254-998cec529e4b,virginica
858e9b50-dd7d-436a-8d39-7ca488d49b94,virginica
40668483-87d4-45b6-858c-5457bfb831f6,virginica
88d1db22-ba23-4359-9c9b-dbde09fc2afa,virginica
b8aebbec-5182-47a9-9363-dedb6d13325f,versicolor
b65911c6-4c28-4896-9cd3-da75f065ff74,virginica
ce162495-7ff1-4b67-9f32-6574624c25f4,virginica
4508bfde-d931-49e6-a64b-4ec5bc0acfed,versicolor
4d340793-4e7d-4a32-b147-b6203b84cbee,versicolor
15f19586-7077-4cc1-9756-92601f207aa4,virginica
e17d24a0-f90a-4a5e-bd81-e9575960c4b3,virginica
b22aee27-1c14-4219-aca3-9e70b136849d,virginica
7904447f-1d8e-4ecf-86c1-bdd9fda3bcc4,virginica
aa8bd8b9-718f-49c1-9f4f-01873d1dc5c8,versicolor
9e3f7a89-0561-4809-9306-e4cf3900214a,virginica
ff2e93d0-135a-4faa-86ff-9cbf3675718e,virginica
5d5d87da-ad75-44d8-ab83-36b2dbc07f4b,virginica
e19955d5-a21e-4918-9955-cb61df36f6f8,virginica
7f7bc1b8-16ed-463a-a62b-fc2ce15617fd,virginica
252ecd8c-46eb-442e-976d-bc9164fad831,virginica
f19bf181-625b-470b-894a-fc451696446f,virginica
470b6bac-64a6-45c6-b71d-b187629c6be3,virginica
1c27e02b-3e77-4bf4-8d60-46da57a3bb1e,virginica
5ebfeadd-1d74-42fb-91d1-5fb993b3b0df,virginica
e3787284-ed95-44b2-8954-43865c7e4312,virginica
7c62c0c7-ff5b-4783-8b6a-aca62e1e4260,virginica
3544900f-1a4f-460a-b8c0-b00360aac409,virginica
adb08302-87e1-4f15-acba-de6adc1e7d2a,virginica
8768aa6f-c9c1-4423-9dd8-3d7068b0c075,virginica
01e1b01f-2e51-4055-a98f-003f66989e09,virginica
2c1fc308-3d77-42bf-b666-6d72de290f92,virginica
c606cbec-3730-4657-be4b-4e643a1e53bb,virginica
e7812458-938a-4fb5-8367-fc248ba3c35f,virginica
765f5be4-0837-45e2-ba0e-70892e36b399,virginica
222b8628-b068-429a-8c0c-ff5c13e81a24,virginica
3e5ea054-720a-448d-9074-ca68a7e50f64,virginica
59764f29-4d73-4bae-bcc0-aa05c7b7753e,virginica
e0613ce8-0419-4c1d-b20c-0309b347a0d6,virginica
b2db97a9-3f04-45ea-88c8-0eb3a1fad2ec,virginica
65ba170e-aaf0-4b34-ac8e-effc7483c0b0,virginica
4c039251-86a7-446a-8e0b-eccf3290ed39,virginica
f29424b4-5faf-40ce-9a74-4fe3ee091006,virginica
ce20d54b-356f-4ea8-a487-674faaf49bc1,virginica
5c117eb1-fde9-4c39-bbf8-abd751f33e61,virginica
3994bffd-008f-4b46-b481-43cb6edfb9bd,virginica
3b4dd5e5-bfa9-4d6a-8996-e1e3f44adf7f,virginica
dfc398c9-34f2-4718-81b4-76df90e5a6bd,virginica
ca662d13-b432-4e74-81ce-635d2178ffb4,virginica
c7a7e3cf-63a6-4f79-81e0-dc9b1a6e9811,virginica
f6188cf0-d6e3-4644-b567-717a2f2b8cb3,virginica
0fdaba62-7d6a-4862-9c65-fd09ebb05bac,virginica
51941ba2-fbb4-4886-86ba-2ab57072ba54,virginica
69179da1-9598-422a-be1d-1bd699edbcbd,virginica
2fef55dc-e980-459b-8ea5-33c7d642e6fc,virginica
9e84fb2b-e4bf-4538-81e5-decbb8693b4a,virginica
6594dc6c-deff-4ec7-bd04-1032ce80dd51,virginica
2882ccfb-2f7a-4766-bcfd-09247fc150dd,virginica
f5296bae-ad18-4254-a150-0147d6392bf9,virginica
1d3409e2-a7d9-4c9e-97fe-63ac8edfcc4d,virginica
aa64791e-5678-47ee-ad29-ed31bcae570e,virginica
150cbea9-01d1-430c-b322-6823281c618b,virginica
19b80d8a-c699-4af7-af62-38d74c50eb2b,virginica
ab9799e8-38b0-42f0-9992-f324b9d17a75,virginica
b71f3ef7-f25c-42af-afde-a34462e605c4,setosa
cfc71fef-348b-4f6a-bff9-dfc41daff402,setosa
